{
    "loss": 0.29071176052093506,
    "accuracy": 0.9166666865348816
}